uid,task,split,variant,prompt,label,prediction,model
nli_0001,nli,test,clean,"Task: Natural Language Inference (NLI)
Decide if the hypothesis is entailed by, contradicts, or is neutral with respect to the premise.

Premise: Le chat est sur le tapis.
Hypothesis: Un animal est sur le tapis.

Answer with one label: entailment, contradiction, neutral.",entailment,contradiction,baseline_random
nli_0001,nli,test,switchmix,"Task: Natural Language Inference (NLI)
Decide if the hypothesis is entailed by, contradicts, or is neutral with respect to the premise.

Premise: Le on the rug. chat est sur le tapis.
Hypothesis: Un animal est sur le tapis.

Answer with one label: entailment, contradiction, neutral.",entailment,contradiction,baseline_random
nli_0002,nli,test,clean,"Task: Natural Language Inference (NLI)
Decide if the hypothesis is entailed by, contradicts, or is neutral with respect to the premise.

Premise: Il pleut aujourd'hui à Paris.
Hypothesis: Le temps est sec.

Answer with one label: entailment, contradiction, neutral.",contradiction,neutral,baseline_random
nli_0002,nli,test,switchmix,"Task: Natural Language Inference (NLI)
Decide if the hypothesis is entailed by, contradicts, or is neutral with respect to the premise.

Premise: Il pleut aujourd'hui à Paris.
Hypothesis: Le temps est sec....

Answer with one label: entailment, contradiction, neutral.",contradiction,entailment,baseline_random
nli_0003,nli,test,clean,"Task: Natural Language Inference (NLI)
Decide if the hypothesis is entailed by, contradicts, or is neutral with respect to the premise.

Premise: Marie a acheté une voiture.
Hypothesis: Marie aime le sport.

Answer with one label: entailment, contradiction, neutral.",neutral,neutral,baseline_random
nli_0003,nli,test,switchmix,"Task: Natural Language Inference (NLI)
Decide if the hypothesis is entailed by, contradicts, or is neutral with respect to the premise.

Premise: Marie a acheté une voiture.
Hypothesis: Marie aime le sport.!

Answer with one label: entailment, contradiction, neutral.",neutral,entailment,baseline_random
